item_id,produto_ml,marca_ml,sku_ml,receita,pedidos,candidato_seconds_id,candidato_seconds_produto,candidato_seconds_sku,candidato_seconds_marca,candidato_cmv_unitario,score_similaridade,metodo_match,status_match_inteligente,padrao_erro,motivo_original
MLB4411222171,Engate Reboque Gwm Poer 2025 2026 2100kg Removível Completo,N/D,N/D,11896.82,16,MLB5677589044,Engate Reboque Removível 7 2025 A 2026,JO1000,Brucke,424.8,100.0,produto,MATCH_AUTOMATICO,sku_ausente_ml; palavras_extras_ml,SEM_MATCH_SECONDS
MLB5148208414,Junta Superior Cabeçote Apolo Gol Logus Mi Ap 1.6 1.8,N/D,N/D,8480.47,82,MLB4604543327,Junta Superior Cabeçote Gol Saveiro Ap 1.6 1.8 85/94,111247PK,Bastos Juntas,43.3,81.08,produto,MATCH_PROVAVEL,sku_ausente_ml; palavras_extras_ml,SEM_MATCH_SECONDS
MLB4096955407,Jogo Pastilha Dianteira Freelander 2 2007 A 2015,N/D,N/D,7625.09,32,MLB4046016907,Engate Removível Freelander 2 2007 Até 2015,LR1005,Brucke,424.8,100.0,produto,MATCH_AUTOMATICO,sku_ausente_ml,SEM_MATCH_SECONDS
MLB4096861467,Pastilha Freio Dianteira Suzuki Vitara / S-cross Após 2015,N/D,N/D,5310.35,18,MLB5732202826,Pastilha Freio Vitara (ly) 1.6 2015 Em Diante,OCDA2711,OriginALLparts,166.56,68.75,produto,MATCH_DUVIDOSO,sku_ausente_ml; palavras_extras_ml,SEM_MATCH_SECONDS
MLB4445439489,Filtro Ar K&n - Mercedes C63 C 63 Amg / S / 4.0 / 2016 2017,N/D,N/D,3911.08,2,MLB4445838115,Filtro Ar K&n - Mercedes C180 C 180 Cgi 1.6 / 2012 2013 2014,E-0663,K&N,641.71,76.92,produto,MATCH_PROVAVEL,sku_ausente_ml; palavras_extras_ml,SEM_MATCH_SECONDS
MLB6171701742,Filtro Ar K&n E-0660 - Porsche Macan 2.0 / 3.0 / 3.6 / 2014+,N/D,N/D,3504.57,2,MLB4079944267,Molas Esportivas Eibach Porsche Macan 3.0 S 3.6 Turbo 2014+,E10-72-014-02-22,Eibach,2562.84,73.68,produto,MATCH_DUVIDOSO,sku_ausente_ml; palavras_extras_ml,SEM_MATCH_SECONDS
MLB4576053479,Jogo Pistao C/ Aneis Gol G5 G6 Voyage Fox 1.0 8v 2008 A 2016,N/D,N/D,3274.78,7,MLB5298290070,"Jogo Pistão 0,50 Gol Voyage Fox 1.0 8v 09/16",PVW10B/050,Takao,199.36,84.21,produto,MATCH_PROVAVEL,sku_ausente_ml; palavras_extras_ml,SEM_MATCH_SECONDS
MLB6520374496,Biela Motor Chevrolet Cruze 1.8 16v 2012 Até 2016 Ecotec,N/D,N/D,3163.68,14,MLB4463792827,Jogo Junta Superior Cabeçote Motor Cruze 1.8 16v 2012/2016,1212164PK,Bastos Juntas,144.5,73.53,produto,MATCH_DUVIDOSO,sku_ausente_ml; palavras_extras_ml,SEM_MATCH_SECONDS
MLB4449446401,"Jogo Pistao 0,50 Toro Tigershark 2.4 16v 2016 A 2020",N/D,N/D,3127.82,4,MLB4104508853,Pastilha Freio Dianteira Kicks 1.6 16v 2016 A 2024,ECO1602,Ecopads,54.71,82.35,produto,MATCH_PROVAVEL,sku_ausente_ml; palavras_extras_ml,SEM_MATCH_SECONDS
MLB5376377560,Ponteira De Engate Maciça Ranger 2024/2025 Removível 3500kg,N/D,N/D,3113.92,4,MLB5362412366,Engate Removível Ranger 2024 Modelo 24,FO2052,Brucke,424.8,94.92,produto,MATCH_AUTOMATICO,sku_ausente_ml; palavras_extras_ml,SEM_MATCH_SECONDS
MLB5755208526,Engate Reboque Removível Xtreme Hilux 2005 A 2025,N/D,N/D,2481.59,1,MLB5677589044,Engate Reboque Removível 7 2025 A 2026,JO1000,Brucke,424.8,92.06,produto,MATCH_AUTOMATICO,sku_ausente_ml; palavras_extras_ml,SEM_MATCH_SECONDS
MLB4084143565,Par Disco Freio Dianteiro Ipanema 1.8 2.0 8v 1989 Até 1998,MDS,N/D,2469.51,13,MLB4229153891,Engate Reboque Fixo Ipanema 1996 A 1997,GM3019,Brucke,304.8,81.08,produto,MATCH_PROVAVEL,sku_ausente_ml; palavras_extras_ml,SEM_MATCH_SECONDS
MLB5416066620,Par Disco De Freio Tras Astra Meriva Vectra 1.8 2.0 2.2 2.4,MDS,N/D,2464.42,6,MLB4502086653,Par De Disco De Freio Original Astra / Vectra,D49A,MDS,4999.5,100.0,produto,MATCH_AUTOMATICO,sku_ausente_ml,SEM_MATCH_SECONDS
MLB4087894455,Par Disco Freio Dianteiro Tiida Livina D921,MDS,N/D,2427.26,8,MLB3985753007,Jg Bronzina Biela Std Sentra Tiida Livina 1.8 2.0 16v 07/21,BBD20B/STD,Takao,83.5,82.76,produto,MATCH_PROVAVEL,sku_ausente_ml; palavras_extras_seconds,SEM_MATCH_SECONDS
MLB4053750901,Engate Rabicho L200 Triton 2017 2018 2019 Remov 5000 Kg,N/D,N/D,2375.92,1,MLB5365837542,Engate Removível L200 Triton 2017 A 2024,MI1014P,Brucke,972.0,80.56,produto,MATCH_PROVAVEL,sku_ausente_ml; palavras_extras_ml,SEM_MATCH_SECONDS
MLB5410760486,Molas Eibach Pro-kit Ford Fusion 2.0 Ecoboost Fwd Awd 2013+,Eibach,N/D,2364.0,1,MLB4079158653,"Molas Eibach Pro-kit Vw Golf 2.0 Mk4 | Mk4,5 De 1999 À 2013",E8561-140,Eibach,1179.36,71.19,produto,MATCH_DUVIDOSO,sku_ausente_ml; palavras_extras_ml,SEM_MATCH_SECONDS
MLB6505840046,Reservatório De Água Peugeot 206 207 1.4 1.6 16v Com Tampa,N/D,N/D,2330.57,24,MLB5454223000,Pastilha Freio Dianteira Peugeot 206 207 2001 A 2014,ECO1199,Ecopads,30.43,75.0,produto,MATCH_PROVAVEL,sku_ausente_ml; palavras_extras_ml,SEM_MATCH_SECONDS
MLB4084541091,Par Disco Freio Dian Corolla 1.8 16v 08 A 13 2.0 16v 10 A 13,MDS,N/D,2275.96,6,MLB4203256865,Pastilha Freio Corolla New Gli 1.8 16v 08 09 10 11 12 13 14,OCTA2827,OriginALLparts,72.56,88.89,produto,MATCH_PROVAVEL,sku_ausente_ml; palavras_extras_seconds,SEM_MATCH_SECONDS
MLB4080244565,Molas Esportivas Pro-kit Eibach Mercedes C180 C200 C250 W204,Eibach,N/D,2245.0,1,MLB4325263915,Pro-kit Molas Esportivas Eibach Mercedes W205 C180-300 2014+,E10-25-036-01-22,Eibach,1391.04,90.09,produto,MATCH_AUTOMATICO,sku_ausente_ml; palavras_extras_ml,SEM_MATCH_SECONDS
MLB5420786736,Par Tambor Freio Traseiro Corsa 1.0 1.4 1.8 Frente Montana,MDS,N/D,2098.65,6,MLB5933618914,Calha De Chuva Fumê Corsa 03 A 12 Frente Da Montana 4 Portas,70.001A,Ecoflex,70.07,100.0,produto,MATCH_AUTOMATICO,sku_ausente_ml; palavras_extras_seconds,SEM_MATCH_SECONDS
MLB5771132650,Jogo Junta Completo Fiesta 1.0 8v Zetec Rocam Gasolina,N/D,N/D,2088.35,9,MLB5016360074,Junta Cabeçote Sob Medida 3mm Fiesta Ka 1.0 8v Zetec Rocam,131545PK30,Bastos Juntas,42.34,100.0,produto,MATCH_AUTOMATICO,sku_ausente_ml; palavras_extras_seconds,SEM_MATCH_SECONDS
MLB4482750235,Kit Válvula Admissão E Escape Cruze Tracker 1.8 16v Ecotec,N/D,N/D,1843.94,3,MLB4482699051,"Jg Válvula De Admissão Cruze, Tracker 1.8 16v Ecotec",VADGM18H-2,Takao,97.44,100.0,produto,MATCH_AUTOMATICO,sku_ausente_ml,SEM_MATCH_SECONDS
MLB5420670994,Par Disco De Freio Dianteiro Sólido Kwid 1.0 2017 2018 2019,MDS,N/D,1809.5,8,MLB4104432261,Pastilha Freio Dianteira Renault Kwid 1.0 2017 2018 2019,ECO1589,Ecopads,37.95,87.5,produto,MATCH_PROVAVEL,sku_ausente_ml,SEM_MATCH_SECONDS
MLB4087944673,Par Tambor De Freio Traseiro Ford Ka 1.0 1.3 1.6 1997 A 2014,MDS,N/D,1807.82,5,MLB6089648512,"Jogo Pistão E Anéis Ford Ka 1.0 Flex 12v 2014/2020 1,00mm",PFO10C/100 - ASFO10A/100,Takao,326.86,82.76,produto,MATCH_PROVAVEL,sku_ausente_ml; palavras_extras_seconds,SEM_MATCH_SECONDS
MLB6502062310,Cano Duplo De Água Do Motor Para Amarok 2.0 16v 2010/... Preto,N/D,N/D,1771.88,9,MLB4405125615,Par Disco De Freio Diant Amarok 2.0 16v 2010 A 2018,D303,MDS,244.87,73.47,produto,MATCH_DUVIDOSO,sku_ausente_ml; palavras_extras_ml,SEM_MATCH_SECONDS
MLB5298371120,"Jogo Aneis 0,60 147 Uno Fiorino Premio 1.0 1.3 1.5 8v 84/95",N/D,N/D,1755.24,11,MLB3985660399,Jogo Aneis Std 147 Uno Fiorino Premio 1.0 1.3 1.5 8v 84/95,ASFI13/STD,Takao,75.69,100.0,produto,MATCH_AUTOMATICO,sku_ausente_ml,SEM_MATCH_SECONDS
MLB4430273829,"Kit Jg Pistao E Aneis Bravo Doblo Idea Linea 1.8 16v E-torq 0,40mm",N/D,N/D,1744.36,3,MLB6616447902,"Kit Jg Pistao E Aneis 0,40 Bravo Doblo Idea 1.8 16v E-torq",PFI18F/040 - ASFI18B/040,Takao,382.45,96.2,produto,MATCH_AUTOMATICO,sku_ausente_ml,SEM_MATCH_SECONDS
MLB4404425007,Par Disco De Freio Dianteiro Para Volare V6 6000 2004 À 2012,N/D,N/D,1730.96,3,MLB5733825924,Pastilha Freio A-class (w169) A 200 2004 A 2012,OCTA2005,OriginALLparts,78.81,73.91,produto,MATCH_DUVIDOSO,sku_ausente_ml; palavras_extras_ml,SEM_MATCH_SECONDS
MLB3871363101,Junta Cabeçote Aço Inox Onix Plus Ecotec 1.0 12v 19/24,N/D,N/D,1725.79,9,MLB5107261184,Jogo Junta Motor Aço Inox Onix Ecotec Plus 1.0 12v 19/24,1210173ML,Bastos Juntas,178.72,100.0,produto,MATCH_AUTOMATICO,sku_ausente_ml,SEM_MATCH_SECONDS
MLB5663268708,Tambor Campana Freio Traseira Fusca 4 Furos C/cubo Par,N/D,N/D,1701.24,4,MLB5763684264,Parafusos De Cabeçote Honda Fit 1.5 16v Gas/flex 2005 Á 2015,PCH13,Takao,90.2,60.0,produto,MATCH_DUVIDOSO,sku_ausente_ml; palavras_extras_ml,SEM_MATCH_SECONDS
MLB4527961467,Jogo Pistao Com Aneis Gm Cruze 1.8 16v Ecotec 2011 A 2016,N/D,N/D,1659.56,3,MLB6079887828,"Jogo Pistao Com Aneis Gm Cruze 1.8 16v Ecotec 2011 A 2016 0,50mm",PGM18H/050 - ASGM20A/050,Takao,346.47,100.0,produto,MATCH_AUTOMATICO,sku_ausente_ml,SEM_MATCH_SECONDS
MLB6143573326,Jogo Junta Cabeçote Azera Santa Fé Sorento 3.3 08/21,N/D,N/D,1654.5300000000002,3,MLB4607480087,Junta Cabeçote Freemont Santa Fé Sorento Outlander 2.4 16v,141591PK,Bastos Juntas,133.7,83.78,produto,MATCH_PROVAVEL,sku_ausente_ml; palavras_extras_ml,SEM_MATCH_SECONDS
MLB4404424995,Par De Disco De Freio Dianteiro Sprinter 313 413 2002 À 2006,N/D,N/D,1652.34,5,MLB4111347375,Pastilha Freio Dianteira Hb20 1.0 2020 A 2026,ECO1660,Ecopads,40.51,69.57,produto,MATCH_DUVIDOSO,sku_ausente_ml; palavras_extras_ml,SEM_MATCH_SECONDS
MLB6079848988,Jogo Pistao Com Aneis Gm Cruze 1.8 16v Ecotec 2011 A 2016 Std,N/D,N/D,1647.9,3,MLB6079887828,"Jogo Pistao Com Aneis Gm Cruze 1.8 16v Ecotec 2011 A 2016 0,50mm",PGM18H/050 - ASGM20A/050,Takao,346.47,100.0,produto,MATCH_AUTOMATICO,sku_ausente_ml,SEM_MATCH_SECONDS
MLB5762363874,Bomba De Água Takao Isuzu Gmc 7.110 4.3 8v 4hf1 Sohc,N/D,N/D,1640.88,4,MLB5762498282,Bomba D'água  Sonata 2.4 16v,BOHY20A,Takao,433.18,76.47,produto,MATCH_PROVAVEL,sku_ausente_ml; palavras_extras_ml,SEM_MATCH_SECONDS
MLB5410746906,Molas Eibach Pro-kit Gm Astra | Vectra Sedan - Gt 2.0 Mec,N/D,N/D,1636.58,1,MLB4325265419,Molas Eibach Pro-kit Gm Astra | Vectra Sedan - Gt 2.0 Mec,E6541-140,Eibach,1130.22,100.0,produto,MATCH_AUTOMATICO,sku_ausente_ml; nomenclatura_invertida,SEM_MATCH_SECONDS
MLB6143663810,Par Disco Freio Dianteiro Gm Tracker 1.2 2020 2021 2022 2023,N/D,N/D,1503.61,3,MLB4105480793,Pastilha De Freio Dianteira Onix 1.0 Turbo 2021 2022 2023,ECO1651,Ecopads,35.64,88.24,produto,MATCH_PROVAVEL,sku_ausente_ml; palavras_extras_ml,SEM_MATCH_SECONDS
MLB6143754498,Par Disco Freio Traseiro Renault Megane 2.0 16v 2006/2009,N/D,N/D,1421.9299999999998,3,MLB6731699464,Polia Virabrequim Megane 2.0 16v 2006-2010,T-132,Triade,4999.5,83.64,produto,MATCH_PROVAVEL,sku_ausente_ml; palavras_extras_seconds,SEM_MATCH_SECONDS
MLB4249797695,Par Disco Freio Dianteiro Pt Cruiser 2001 A 2010 2.0 2.4 16v,N/D,N/D,1418.59,3,MLB5733739518,Pastilha Freio Pt Cruiser 2.0i 16v 2001 A 2010,OSDA0523,OriginALLparts,85.44,100.0,produto,MATCH_AUTOMATICO,sku_ausente_ml,SEM_MATCH_SECONDS
MLB6087179454,"Jogo Pistao C/ Aneis Gol G5 G6 Voyage Fox 1.0 8v 2008 A 2016 0,50mm",N/D,N/D,1417.94,3,MLB5298290070,"Jogo Pistão 0,50 Gol Voyage Fox 1.0 8v 09/16",PVW10B/050,Takao,199.36,84.21,produto,MATCH_PROVAVEL,sku_ausente_ml; palavras_extras_ml,SEM_MATCH_SECONDS
MLB5416245032,Par Disco Freio Traseiro Renault Master 2.3 2013 A 2018,MDS,N/D,1305.93,3,MLB4424330521,Pinça Freio Traseira Lado Direito Renault Master 2014 2015,71873,RoC,381.19,91.67,produto,MATCH_AUTOMATICO,sku_ausente_ml; palavras_extras_seconds,SEM_MATCH_SECONDS
MLB6505840046,Reservatório De Água 206 207 1.4 1.6 16v Com Tampa,N/D,N/D,1179.39,12,MLB4665336687,Reservatorio Agua Com Tampa Cruze 2012 2013 2014 2015 2016,GPR042,Greenparts,4999.5,79.31,produto,MATCH_PROVAVEL,sku_ausente_ml; palavras_extras_ml,SEM_MATCH_SECONDS
MLB5752064294,Engate Reboque Fixo Captiva 2008 A 2015,N/D,N/D,1175.24,2,MLB5365965814,Engate Fixo Captiva 2008 A 2015,GM3035,Brucke,324.8,100.0,produto,MATCH_AUTOMATICO,sku_ausente_ml,SEM_MATCH_SECONDS
MLB4480143025,Kit Valvula Admissao E Escape Clio Sandero Logan 1.0 16v D4d,N/D,N/D,1165.95,3,MLB6207603732,"Válvula Admissão Sandero, Logan 1.6 8v",VADRE16,Takao,58.48,95.24,produto,MATCH_AUTOMATICO,sku_ausente_ml; palavras_extras_ml,SEM_MATCH_SECONDS
MLB4381396847,Jogo Pistao Com Aneis Palio 1.0 8v Fiasa 1996 A 2001 Takao Std,N/D,N/D,1093.88,2,MLB4381459705,"Jogo Pistao Com Aneis Palio 1.0 8v Fiasa 1996 A 2001 Takao 0,60mm",PFI10A/060 - ASFI10/060,Takao,271.9,100.0,produto,MATCH_AUTOMATICO,sku_ausente_ml,SEM_MATCH_SECONDS
MLB4604567493,Junta Superior Cabeçote Apolo Gol Logus Mi Ap 1.6 1.8,N/D,N/D,1014.55,10,MLB4604543327,Junta Superior Cabeçote Gol Saveiro Ap 1.6 1.8 85/94,111247PK,Bastos Juntas,43.3,81.08,produto,MATCH_PROVAVEL,sku_ausente_ml; palavras_extras_ml,SEM_MATCH_SECONDS
MLB5771134578,Junta Comp C/ Retentores (jg) Tiggo 7 1.5 16v 2017 A 2020,N/D,N/D,1006.75,1,MLB4203238835,Pastilha Freio Tiggo 8 1.6 16v 2021 2022 2023 2024,OCTA0716,OriginALLparts,99.75,75.0,produto,MATCH_PROVAVEL,sku_ausente_ml; palavras_extras_ml,SEM_MATCH_SECONDS
MLB4404893661,Jogo Junta Cabeçote Sentra Tiida Versa Fluence 1.8 2.0 06/19,N/D,N/D,998.77,4,MLB5298307156,Jogo Aneis Motor Std Sentra Tiida Fluence 1.8 2.0 16v 07/21,ASD18/STD,Takao,100.87,74.29,produto,MATCH_DUVIDOSO,sku_ausente_ml; palavras_extras_ml,SEM_MATCH_SECONDS
MLB4209329255,Pastilha Freio Sprinter 416 Cdi 2.2 16v 2019 Em Diante,N/D,N/D,994.18,4,MLB4209458891,Pastilha Freio Sprinter 415 Cdi 2.2 16v 2012 A 2019,OCDA2049,OriginALLparts,131.76,87.27,produto,MATCH_PROVAVEL,sku_ausente_ml,SEM_MATCH_SECONDS
MLB4573497959,"Jogo Pistao 0,50 Onix Novo 1.0 8v 2017 A 2022",N/D,N/D,953.17,2,MLB6203655576,Jogo Pistao Std Onix Novo 1.0 8v 2012 A 2016,PGM10H/STD,Takao,282.63,83.33,produto,MATCH_PROVAVEL,sku_ausente_ml; palavras_extras_ml,SEM_MATCH_SECONDS
MLB5751965116,Engate Reboque Removível Veloster 2012 A 2018,N/D,N/D,907.33,1,MLB5751990948,Engate Reboque Removível Vogue 2013 A 2018,LR1002,Brucke,444.8,89.16,produto,MATCH_PROVAVEL,sku_ausente_ml,SEM_MATCH_SECONDS
MLB4249774981,Par Tambor Freio Traseiro Renault Duster 4x2 2.0 16v 2013,N/D,N/D,905.19,3,MLB4104228265,Pastilha Freio Dianteira Renault Duster 2.0 16v 2014 15/...,ECO1495,Ecopads,50.69,86.79,produto,MATCH_PROVAVEL,sku_ausente_ml,SEM_MATCH_SECONDS
MLB5420585658,Par Disco Freio Dianteiro Peugeot 106/206/207/306 Xsara 8v,MDS,N/D,874.4499999999999,4,MLB5454223000,Pastilha Freio Dianteira Peugeot 206 207 2001 A 2014,ECO1199,Ecopads,30.43,76.6,produto,MATCH_PROVAVEL,sku_ausente_ml; palavras_extras_ml,SEM_MATCH_SECONDS
MLB6143572624,Par Disco De Freio Dianteiro L200 Triton 3.2 2008 Em Diante,N/D,N/D,863.59,2,MLB4203259403,Pastilha Freio L200 Triton Outdoor Gls 2.4 At 2021 Em Diante,OCDA1006,OriginALLparts,145.09,87.8,produto,MATCH_PROVAVEL,sku_ausente_ml; palavras_extras_seconds,SEM_MATCH_SECONDS
MLB5016446608,Junta Carter Borracha  Celta Corsa 1.0 1.6 8v Mpfi Efi,N/D,N/D,850.54,20,MLB4611778351,Junta Carter Cortiça Celta Corsa 1.0 1.6  8v Mpfi Efii,121908CB,Bastos Juntas,7.67,92.13,produto,MATCH_AUTOMATICO,sku_ausente_ml,SEM_MATCH_SECONDS
MLB6153696204,Engate Reboque Outlander 2025 2026 700kg Removível Completo,N/D,N/D,825.84,1,MLB5677589044,Engate Reboque Removível 7 2025 A 2026,JO1000,Brucke,424.8,100.0,produto,MATCH_AUTOMATICO,sku_ausente_ml,SEM_MATCH_SECONDS
MLB5420752296,Par Tambor Freio Montana 1.4 1.8 2004 05 06 07 08 09 10 Mds,MDS,N/D,802.92,3,MLB4217251493,Pastilha Freio A6 3.2 Fsi 04 05 06 07 08 09 10 11,OCDW0108,OriginALLparts,174.2,79.31,produto,MATCH_PROVAVEL,sku_ausente_ml; palavras_extras_ml,SEM_MATCH_SECONDS
MLB4196605661,Engate Reboque Removível Audi A5 2011 Até 2017 700kg,N/D,N/D,766.14,1,MLB5750618430,Engate Reboque Removível A5 2011 A 2017,AD1010,Brucke,424.8,100.0,produto,MATCH_AUTOMATICO,sku_ausente_ml,SEM_MATCH_SECONDS
MLB4229902627,Engate Reboque Fixo Master 2014 A 2015,N/D,N/D,721.61,1,MLB5362376932,Engate Fixo Master 2014 A 2015,RE1015,Brucke,354.8,100.0,produto,MATCH_AUTOMATICO,sku_ausente_ml,SEM_MATCH_SECONDS
MLB4419938395,Pastilha De Freio Brembo Dianteira Up Tsi 1.0t 105hp P85041,N/D,N/D,720.96,2,MLB4421510613,Pastilha Freio Dianteiro Cerâmica Brembo Vw Up Tsi 2015 +,P85041N,Brembo,299.41,68.0,produto,MATCH_DUVIDOSO,sku_ausente_ml; palavras_extras_ml,SEM_MATCH_SECONDS
MLB6263889872,Kit Valvula Admissao E Escape Gol G4 G5 G6 Fox 1.6 8v Ea111,N/D,N/D,711.4,2,MLB6207447282,Valvula Admissao Motor C3 1.5 8v Flex,VADPG15A,Takao,59.32,92.68,produto,MATCH_AUTOMATICO,sku_ausente_ml; palavras_extras_ml,SEM_MATCH_SECONDS
MLB4228800975,Engate Reboque Removível Ducato Boxer Jumper 2019 A 2024,N/D,N/D,656.41,1,MLB4458097693,Engate Reboque Removível Ducato Boxer Jumper 2019 A 2026,FT4068,Brucke,424.8,99.07,produto,MATCH_AUTOMATICO,sku_ausente_ml,SEM_MATCH_SECONDS
MLB5016360610,Junta Carter Cortiça Fox Gol Voyage Parati 1.0 8/16v Ea111,Bastos Juntas,111953CBL,651.53,18,MLB4604021465,Jogo Junta Motor  Fox Gol Voyage 1.0 8v Ea111 Flex,1110103PKR,Bastos Juntas,57.03,94.55,produto,MATCH_AUTOMATICO,sku_divergente; palavras_extras_ml,SEM_MATCH_SECONDS
MLB6171623388,Jogo Anéis Motor Stander Parati Gol Saveiro Ap 1.6 1.8 8v,N/D,N/D,626.09,4,MLB5456883406,Jogo Pastilha Freio Dianteira Gol Parati Saveiro,ECO1041,Ecopads,21.01,100.0,produto,MATCH_AUTOMATICO,sku_ausente_ml; palavras_extras_ml,SEM_MATCH_SECONDS
MLB6612401208,Junta Cabeçote Aço Inox Onix Plus Ecotec 1.0 12v 19/24,N/D,N/D,606.01,3,MLB5107261184,Jogo Junta Motor Aço Inox Onix Ecotec Plus 1.0 12v 19/24,1210173ML,Bastos Juntas,178.72,100.0,produto,MATCH_AUTOMATICO,sku_ausente_ml,SEM_MATCH_SECONDS
MLB5716939928,Pastilha Freio Mini Countryman Cooper S All4 2016 Em Diante,N/D,N/D,575.02,3,MLB4206704125,Pastilha Freio Mini Countryman (f60) Cooper All4 2010 A 2016,OCDA0435,OriginALLparts,119.33,90.14,produto,MATCH_AUTOMATICO,sku_ausente_ml,SEM_MATCH_SECONDS
MLB4229915339,Engate Reboque Fixo Megane Grand Tour X-tr 2010 A 2012,N/D,N/D,573.17,1,MLB5362264138,Engate Fixo Megane Grand Tour Xtr 2010 Até 2012,RE1017,Brucke,304.8,95.12,produto,MATCH_AUTOMATICO,sku_ausente_ml,SEM_MATCH_SECONDS
MLB4345296599,Bronzina Mancal Ford Novo Ka New Fiesta 1.5 16v Sigma,N/D,N/D,570.29,3,MLB5298226718,Jogo Bronzina Mancal Std Focus Fiesta Ka 1.5 1.6 16v 10/20,BCFO16B/STD,Takao,87.05,82.86,produto,MATCH_PROVAVEL,sku_ausente_ml; palavras_extras_ml,SEM_MATCH_SECONDS
MLB6143703260,Junta Superior Cabeçote Civic 1.6 16v 95/00,N/D,N/D,559.9300000000001,2,MLB3862330619,Junta Superior Cabeçote Palio Siena Brava 1.6 16v 95/00,141233PK,Bastos Juntas,56.0,91.67,produto,MATCH_AUTOMATICO,sku_ausente_ml; palavras_extras_seconds,SEM_MATCH_SECONDS
MLB4043416789,Engate Fixo Kombi 1997 A 2005,N/D,N/D,555.64,1,MLB4040584101,Engate Fixo T50,JC1004,Brucke,304.8,88.89,produto,MATCH_PROVAVEL,sku_ausente_ml; palavras_extras_ml,SEM_MATCH_SECONDS
MLB5791136854,Par Tambor Freio Traseiro Chevrolet S10 4x2 2021 2022,N/D,N/D,530.75,1,MLB5454669306,Pastilha Freio Dianteira Chevrolet S10 2018 2019 2020 2021,ECO1578,Ecopads,62.4,85.19,produto,MATCH_PROVAVEL,sku_ausente_ml; palavras_extras_seconds,SEM_MATCH_SECONDS
MLB5298213144,"Jogo Pistão 1,00 Fielder Corolla X60 1.8 16v 02/18",N/D,N/D,518.3,1,MLB5298149684,Jogo Pistão Std Corolla Fielder X60 1.8 16v 02/18,PTO18/STD,Takao,280.77,100.0,produto,MATCH_AUTOMATICO,sku_ausente_ml,SEM_MATCH_SECONDS
MLB6230829704,Junta Tampa Válvulas Focus 2014-2019 2.0 Duratec Direct Flex,N/D,N/D,517.87,4,MLB4460822885,Junta Da Tampa Valvulas Fiat Ducato 2.8 Aspirado,151742BN,Bastos Juntas,13.79,83.64,produto,MATCH_PROVAVEL,sku_ausente_ml; palavras_extras_ml,SEM_MATCH_SECONDS
MLB5755067246,Engate Reboque Fixo Kicks 2017 A 2025,N/D,N/D,515.01,1,MLB4229250583,Engate Reboque Fixo Kicks 2017 A 2025,NI1009,Brucke,304.8,100.0,produto,MATCH_AUTOMATICO,sku_ausente_ml; nomenclatura_invertida,SEM_MATCH_SECONDS
MLB5298149864,"Jogo Pistão 0,40 Uno Siena Mobi 1.0 8v 11/19",N/D,N/D,481.35,1,MLB5298162102,Jogo Pistão Std Uno Siena Mobi 1.0 8v 11/19,PFI10G/STD,Takao,231.47,100.0,produto,MATCH_AUTOMATICO,sku_ausente_ml,SEM_MATCH_SECONDS
MLB6143729092,Kit Junta Tampa Valvula Doblo Idea Palio Punto Etorq 10/17,N/D,N/D,450.46,4,MLB4610040083,Junta Tampa Valvula Doblo Idea Palio Etorq 1.6 1.8 08/13,1417872BN,Bastos Juntas,58.1,93.33,produto,MATCH_AUTOMATICO,sku_ausente_ml; palavras_extras_ml,SEM_MATCH_SECONDS
MLB4482089945,Valvulas De Admissão C4 Picasso C5 C8 Xsara Xsara Picasso,N/D,N/D,450.25,2,MLB6207447282,Valvula Admissao Motor C3 1.5 8v Flex,VADPG15A,Takao,59.32,88.37,produto,MATCH_PROVAVEL,sku_ausente_ml; palavras_extras_ml,SEM_MATCH_SECONDS
MLB4463673425,Junta Cabeçote Soul Cerato Hb20 1.6 16v 0.75mm Aço,N/D,N/D,447.13,2,MLB4007096877,Junta Cabeçote Inox Creta Hb20 Soul Cerato 1.6 16v 12/22,1512187ML,Bastos Juntas,173.98,88.61,produto,MATCH_PROVAVEL,sku_ausente_ml; palavras_extras_seconds,SEM_MATCH_SECONDS
MLB6090975972,Discos Freio Dianteiro Hilux Sw4 2.7 3.0 Aro 16 2005 À 2015,N/D,N/D,446.72,1,MLB5440776356,Jogo Pastilha De Freio Dianteira Hilux Sw4 2005 Em Diante,OCDA2818,OriginALLparts,114.83,80.0,produto,MATCH_PROVAVEL,sku_ausente_ml; palavras_extras_ml,SEM_MATCH_SECONDS
MLB5762327730,Bomba D.água  Outlander 3.0 V6 24v 2011,N/D,N/D,417.82,1,MLB5733747942,Pastilha Freio Azera 3.3 V6 24v 2011 2012,OCTA1333,OriginALLparts,105.0,77.78,produto,MATCH_PROVAVEL,sku_ausente_ml; palavras_extras_ml,SEM_MATCH_SECONDS
MLB5440609864,Pastilha De Freio Traseira Malibu 2010 2011 Até 2013 2.4 16v,N/D,N/D,415.68,2,MLB4203398845,Pastilha Freio C4 Glx 1.6 16v 2008 2009 2010 2011 2012 2013,OCTA0126,OriginALLparts,86.19,83.72,produto,MATCH_PROVAVEL,sku_ausente_ml; palavras_extras_seconds,SEM_MATCH_SECONDS
MLB6635762880,Jogo Junta Completo Fiesta 1.0 8v Zetec Rocam Gasolina,N/D,N/D,415.19,2,MLB5016360074,Junta Cabeçote Sob Medida 3mm Fiesta Ka 1.0 8v Zetec Rocam,131545PK30,Bastos Juntas,42.34,100.0,produto,MATCH_AUTOMATICO,sku_ausente_ml; palavras_extras_seconds,SEM_MATCH_SECONDS
MLB4007109751,Junta Cabeçote Passat Voyage Ap 1.5 8v 74/83,N/D,N/D,407.53,8,MLB6143808788,Junta Cabeçote C/ Retentor Passat Gol Voyage 1.5 74/83,111007PKR,Bastos Juntas,74.52,91.89,produto,MATCH_AUTOMATICO,sku_ausente_ml,SEM_MATCH_SECONDS
MLB6224371096,"Junta Cabeçote Sob Medida 2,40mm Onix 1.0 12v L3",N/D,N/D,388.22,2,MLB6224267560,Junta Cabeçote Onix 1.0 12v L3,1215173PK,Bastos,57.25,100.0,produto,MATCH_AUTOMATICO,sku_ausente_ml; palavras_extras_ml,SEM_MATCH_SECONDS
MLB6143533902,Par Disco Freio Dianteiro Mds Tucson 2.0 2005 A 2012,N/D,N/D,381.79,1,MLB4580541101,Polia Virabrequim Triade Tucson 2.0 2005-2008,T-138,Triade,259.63,82.05,produto,MATCH_PROVAVEL,sku_ausente_ml; palavras_extras_seconds,SEM_MATCH_SECONDS
MLB5298213320,"Jogo Pistão 0,40 Punto Palio Siena Strada 1.4 8v 04/20",N/D,N/D,374.15,1,MLB6304447088,"Jogo Pistão 0,40 Punto Palio Siena Strada 1.4 8v 04/20",PFI14/040,Takao,182.17,100.0,produto,MATCH_AUTOMATICO,sku_ausente_ml; nomenclatura_invertida,SEM_MATCH_SECONDS
MLB6239427120,Filtro De Óleo K&n Quadriciclos Can-am Jetski Sea Doo Spark,N/D,N/D,373.29,3,MLB4621377789,Filtro Oleo Lubrificante Tiguan Jetta Passat Fusca 2.0 Mann,W719/45,Mann Filter,37.07,63.04,produto,MATCH_DUVIDOSO,sku_ausente_ml; palavras_extras_ml,SEM_MATCH_SECONDS
MLB5298316104,"Jogo Pistão 0,50 Gol Fox Parati 1.0 8v 07/08",N/D,N/D,372.29,1,MLB4574816635,"Jogo Pistão 0,50 Gol Fox Parati 1.0 8v 07/08",PVW10E/050,Takao,189.34,100.0,produto,MATCH_AUTOMATICO,sku_ausente_ml; nomenclatura_invertida,SEM_MATCH_SECONDS
MLB4007058275,Junta Cabeçote Aço Inox Pajero 2.0 1.8 99/15 Gas/flex,N/D,N/D,366.79,1,MLB6143731596,Junta Cabeçote Inox C/ Ret Pajero 2.0 1.8 99/15 Gas/flex,1512194MLR,Bastos Juntas,256.42,94.74,produto,MATCH_AUTOMATICO,sku_ausente_ml,SEM_MATCH_SECONDS
MLB5453943202,Pastilha Freio Diant Honda Fit 2003 2004 2005 2006 2007 2008,N/D,N/D,353.56,5,MLB5735297658,Pastilha Freio Fx 35 2003 2004 2005 2006 2007 2008,OSTA2707,OriginALLparts,61.92,92.31,produto,MATCH_AUTOMATICO,sku_ausente_ml; palavras_extras_ml,SEM_MATCH_SECONDS
MLB5457059868,Pastilha Freio Novo Uno 1.0 1.3 1.4 2012 2015 2020 2022 2024,N/D,N/D,346.76,3,MLB4144351129,Bandeja Inferior Direita Onix 2020 2021 2022 2023 2024,BDJ0302,Perfect,177.5,79.25,produto,MATCH_PROVAVEL,sku_ausente_ml; palavras_extras_ml,SEM_MATCH_SECONDS
MLB4419689719,Pastilha Traseira Brembo Subaru Forester 2008 2009 2010,N/D,N/D,329.25,1,MLB5695224676,Pastilha Freio Bora 2.0 8v 2009 2010,OCTA0126,OriginALLparts,86.19,78.79,produto,MATCH_PROVAVEL,sku_ausente_ml; palavras_extras_ml,SEM_MATCH_SECONDS
MLB4347505713,Jogo Bronzina De Biela Fiat Fiorino 1.0 1.3 1.5 8v Fiasa,N/D,N/D,326.28000000000003,6,MLB6011028682,Jogo Bronzina De Biela Fiat Fiorino 1.0 1.3 1.5 8v Fiasa,BBFI10/100,Takao,25.25,100.0,produto,MATCH_AUTOMATICO,sku_ausente_ml; nomenclatura_invertida,SEM_MATCH_SECONDS
MLB4197780255,Par Amortecedor Nakata Kit Dianteiro Gol Parati G2 G3 G4,N/D,N/D,317.16,1,MLB4331426891,Par Amortecedor Tampa Traseira Porta Malas Parati G2 G3 G4,PAR-BMG15009,Yiming Parts,29.06,83.08,produto,MATCH_PROVAVEL,sku_ausente_ml; palavras_extras_seconds,SEM_MATCH_SECONDS
MLB4460837867,Junta Tampa Válvulas Bastos Nissan Frontier Pathfinder 2.5,N/D,N/D,297.66,1,MLB4460500981,Kit Junta Da Tampa De Valvula Borr Silic Frontier Pathfinder,151760034SL,Bastos Juntas,193.72,84.62,produto,MATCH_PROVAVEL,sku_ausente_ml; palavras_extras_ml,SEM_MATCH_SECONDS
MLB6143677180,Jogo Junta Motor Sem Retentor  Corsa 1.0 16v 99/03,N/D,N/D,281.55,2,MLB5016447034,Jogo Junta Motor Sem Retentor Corsa Wind 1.0 8v 94/96,121049PK,Bastos Juntas,57.91,82.35,produto,MATCH_PROVAVEL,sku_ausente_ml; palavras_extras_ml,SEM_MATCH_SECONDS
MLB5551943468,Bandeja Superior Direita Belina Corcel Del Rey Pampa,N/D,N/D,280.08,2,MLB5455258538,Pastilha Freio Dianteira Corcel Del Rey Pampa,ECO1083,Ecopads,19.38,100.0,produto,MATCH_AUTOMATICO,sku_ausente_ml; palavras_extras_ml,SEM_MATCH_SECONDS
MLB5018697386,Silicone Alta Temperatura Red ( Vermelho ) - Bastos,N/D,N/D,277.95,3,MLB4502086653,Par De Disco De Freio Original Astra / Vectra,D49A,MDS,4999.5,58.33,produto,SEM_CORRESPONDENCIA,sku_ausente_ml; palavras_extras_ml,SEM_MATCH_SECONDS
MLB5731674286,Pastilha Freio C-class T-model C 320 Cdi 2007 A 2014,N/D,N/D,273.77,1,MLB5720305114,Pastilha Freio C-class T-model C200 Kompressor 2007 A 2014,OCTA2034,OriginALLparts,84.79,84.0,produto,MATCH_PROVAVEL,sku_ausente_ml,SEM_MATCH_SECONDS
MLB4375252331,"Kit 6 Aditivo Otimizador Combustivel Flex 4x1 Fq4, Economia",N/D,N/D,272.0,2,MLB6138124014,Aditivo Fq4 Filtro Químico De Combustível + Economia Moto,FQ4MOTO40ML,FQ4,8.75,81.01,produto,MATCH_PROVAVEL,sku_ausente_ml; palavras_extras_seconds,SEM_MATCH_SECONDS
MLB4216678629,Pastilha Freio Slk (r172) 200 (172.434) 2015 Em Diante,N/D,N/D,265.56,1,MLB5725008692,Pastilha Freio Q7 (4mb) 2015 Em Diante,OCDA0134,OriginALLparts,139.68,83.87,produto,MATCH_PROVAVEL,sku_ausente_ml; palavras_extras_ml,SEM_MATCH_SECONDS
MLB6224283162,Junta Cabeçote Aço Inox Sob Medida 1.01mm March Versa 14/21,N/D,N/D,264.17,1,MLB6224464240,Junta Cabeçote Aço Inox Sob Medida 0.78mm March Versa 14/21,15156006ML1,Bastos Juntas,130.39,96.49,produto,MATCH_AUTOMATICO,sku_ausente_ml,SEM_MATCH_SECONDS
MLB5298277822,"Jogo Bronzina Biela 0,25 Gol Fox Parati 1.0 8v 16v 99/07",N/D,N/D,251.83,4,MLB5298265044,Jogo Bronzina Biela Std Gol Fox Parati 1.0 8v 16v 99/07,BBVW10/STD,Takao,30.44,100.0,produto,MATCH_AUTOMATICO,sku_ausente_ml,SEM_MATCH_SECONDS
MLB6410023980,Polia Da Bomba Dágua - Renault Master 2.3 16v 2013... T-743,N/D,N/D,251.16,1,MLB4104228265,Pastilha Freio Dianteira Renault Duster 2.0 16v 2014 15/...,ECO1495,Ecopads,50.69,80.77,produto,MATCH_PROVAVEL,sku_ausente_ml; palavras_extras_ml,SEM_MATCH_SECONDS
MLB5016397270,Junta Cabeçote Fiat Palio Doblo Siena 1.3 16v Fire (fibra),N/D,N/D,245.9,6,MLB3841164753,Jogo Junta Motor Palio Siena Doblo Fire 1.0 1.3 16v 99/...,141053PK,Bastos Juntas,68.38,95.52,produto,MATCH_AUTOMATICO,sku_ausente_ml; palavras_extras_ml,SEM_MATCH_SECONDS
MLB4460195545,Junta Tampa Val Cortiça Gm 1.8 2.0 8v 2.2 8v 2.4 8v,N/D,N/D,218.23,7,MLB4460221653,Junta Tampa Valvula Gm Corsa 1.0 1.4 1.6 8v .../03-98,121706CB,Bastos Juntas,4.51,80.56,produto,MATCH_PROVAVEL,sku_ausente_ml; palavras_extras_seconds,SEM_MATCH_SECONDS
MLB5704062786,Pastilha Freio Elantra 2.0 16v 11 12 13 14 15 16,N/D,N/D,214.49,1,MLB5733838712,Pastilha Freio Elantra Gls 1.8 16v 11 12 13 14 15 16,OCTA1329,OriginALLparts,81.22,100.0,produto,MATCH_AUTOMATICO,sku_ausente_ml,SEM_MATCH_SECONDS
MLB5704075626,Pastilha Freio Elantra 1.8 16v 2011 2012 2013,N/D,N/D,214.49,1,MLB5731669148,Pastilha Freio Elantra 1.6 Crdi 2011 2012 2013 2014 2015,OCDA1306,OriginALLparts,92.68,91.67,produto,MATCH_AUTOMATICO,sku_ausente_ml; palavras_extras_seconds,SEM_MATCH_SECONDS
MLB6233745852,Junta Cabeçote Bastos Para Corsa 1.0 16v 1999 Até 2002,N/D,N/D,208.39,5,MLB6233784972,Junta Cabeçote Bastos Para Sonic 1.6 16v 2012 Até 2014,1215164ML,Bastos Juntas,62.96,80.52,produto,MATCH_PROVAVEL,sku_ausente_ml; palavras_extras_ml,SEM_MATCH_SECONDS
MLB5298379806,Válvula Admissão Kombi Saveiro Gol Voyage 1.4 1.6 8v 01/21,N/D,N/D,205.56,1,MLB6207447282,Valvula Admissao Motor C3 1.5 8v Flex,VADPG15A,Takao,59.32,92.68,produto,MATCH_AUTOMATICO,sku_ausente_ml; palavras_extras_ml,SEM_MATCH_SECONDS
MLB5733786398,Pastilha Freio Malibu Ltz 2.4 16v 2010 2011 2012 2013,N/D,N/D,199.66,1,MLB5733752804,Pastilha Freio S18 1.3 16v 2010 2011 2012,OSDA0700,OriginALLparts,60.68,90.0,produto,MATCH_AUTOMATICO,sku_ausente_ml; palavras_extras_ml,SEM_MATCH_SECONDS
MLB4460354411,Junta Tampa Valvula Focus Mondeo 1.8 2.0 16v 00/05,N/D,N/D,193.16,4,MLB6223025364,Junta Tampa Valvula Focus Fusion Mondeo 2.0 2.3 16v Duratec,1317732BN,Bastos Juntas,35.51,92.31,produto,MATCH_AUTOMATICO,sku_ausente_ml,SEM_MATCH_SECONDS
MLB5782835872,Jg Bronzina De Mancal 075 Para Tucson 2.0 16v 2009,N/D,N/D,191.59,1,MLB5298150122,Jogo Bronzina Mancal Std I30 Cerato Tucson 2.0 16v 99/18,BCHY18A/STD,Takao,89.36,85.25,produto,MATCH_PROVAVEL,sku_ausente_ml; palavras_extras_seconds,SEM_MATCH_SECONDS
MLB6107788872,"Bronzina Biela E Mancal Mobi Siena Uno 1.0 8v Evo 2017 2018 0,50mm",N/D,N/D,190.42,1,MLB4392364899,Bronzina Mancal Para Siena Strada Uno Fire Evo,BCFI10/050,Takao,59.96,82.86,produto,MATCH_PROVAVEL,sku_ausente_ml; palavras_extras_ml,SEM_MATCH_SECONDS
MLB3239537321,Coxim Motor Limit Torção S/ Suporte Ka 1.0 2018 Em Diante,Sampel,2806,190.04,1,MLB3239530057,Coxim Motor Limit Torção Ecosport Aut. 1.6 2.0 2013 A 2017,2801,Sampel,186.92,84.47,sku,MATCH_PROVAVEL,sku_divergente; palavras_extras_ml,SEM_MATCH_SECONDS
MLB4345233837,Bronzina Mancal Fiat Palio Idea Punto 1.6 16v E-torq,N/D,N/D,184.3,1,MLB4345246851,Bronzina Mancal Fiat Palio Idea Punto 1.6 16v E-torq,BCFI18B/050,Takao,88.97,100.0,produto,MATCH_AUTOMATICO,sku_ausente_ml; nomenclatura_invertida,SEM_MATCH_SECONDS
MLB6143560238,Junta Carter Com Defletor Monza Kadett Ipanema 1.8 2.0 8v,N/D,N/D,176.64,1,MLB3824764771,Junta Carter Borracha Monza Kadett Ipanema Astra 1.8 2.0 8v,121907BN,Bastos Juntas,16.07,88.89,produto,MATCH_PROVAVEL,sku_ausente_ml,SEM_MATCH_SECONDS
MLB5558334734,Kit Junta Homocinetica Siena Etorq 1.6 16v 2011 2012,N/D,N/D,172.46,1,MLB6365731480,Kit Junta Homocinética Sandero 1.0 16v 2012 2013 2014 2015,KJH0607,Perfect,4999.5,84.34,produto,MATCH_PROVAVEL,sku_ausente_ml; palavras_extras_ml,SEM_MATCH_SECONDS
MLB6143744086,Junta Superior Cabeçote Fiesta Ecosport Zetec 1.0 8v 99/..,N/D,N/D,160.81,1,MLB6138173604,Junta Superior Cabeçote Ecosport Fiesta Zetec 1.6 8v 99/..,131247PK,Bastos Juntas,99.9,100.0,produto,MATCH_AUTOMATICO,sku_ausente_ml; nomenclatura_invertida,SEM_MATCH_SECONDS
MLB6223223614,Junta Tampa De Valvula S10/blazer/ranger/sprinter 2.5 Maxion,N/D,N/D,158.25,3,MLB6222952942,Kit Junta Tampa Valvula Ranger Transit 2.2 20v Diesel,1317832BN,Bastos Juntas,36.79,81.25,produto,MATCH_PROVAVEL,sku_ausente_ml; palavras_extras_ml,SEM_MATCH_SECONDS
MLB4463925533,Junta Tampa Valvula Livina Sentra Tiida Xtrail 1.8 2.0,N/D,N/D,151.29,3,MLB6223235290,Kit Junta Tampa Valvula Palio Fire 1.0 1.3 16v,1417532PK,Bastos Juntas,22.0,80.7,produto,MATCH_PROVAVEL,sku_ausente_ml; palavras_extras_ml,SEM_MATCH_SECONDS
MLB6132380414,"Bronzina Biela E Mancal Premio Elba Uno 1.5 Fiasa 1994 1995 0,25mm",N/D,N/D,148.61,1,MLB6132483514,"Bronzina Biela E Mancal Premio Elba Uno 1.5 Fiasa 1994 1995 0,50mm",BCFI10A/050 - BBFI10/050,Takao,68.92,98.28,produto,MATCH_AUTOMATICO,sku_ausente_ml,SEM_MATCH_SECONDS
MLB5016459740,Junta Carter Cortiça Uno Palio Siena Strada 1.0 1.3 8v Fire,N/D,N/D,145.79,3,MLB3841104443,Jg Junta Motor C/ Ret Uno Palio Siena Fire 1.0 1.3 8v 99/...,141049PKR,Bastos Juntas,79.95,89.23,produto,MATCH_PROVAVEL,sku_ausente_ml; palavras_extras_ml,SEM_MATCH_SECONDS
MLB6224116250,Junta Cabeçote Aço Inox Sob Medida 0.70mm March Versa 14/21,N/D,N/D,144.47,1,MLB6224464240,Junta Cabeçote Aço Inox Sob Medida 0.78mm March Versa 14/21,15156006ML1,Bastos Juntas,130.39,98.25,produto,MATCH_AUTOMATICO,sku_ausente_ml,SEM_MATCH_SECONDS
MLB5298200806,"Jogo Bronzina Mancal 0,50 Uno Punto Mobi 1.0 1.3 1.4 01/24",N/D,N/D,138.5,1,MLB5298200808,Jogo Bronzina Mancal Std Uno Punto Mobi 1.0 1.3 1.4 01/24,BCFI10B/STD,Takao,62.89,100.0,produto,MATCH_AUTOMATICO,sku_ausente_ml,SEM_MATCH_SECONDS
MLB6203198106,"Bronzina Biela Fiat Toro At6, Punto, Palio 1.6/1.8 16v 0.75",N/D,N/D,136.48,1,MLB4345252771,Jg Bronzina Biela Std Para Fiat E-torq 1.8 16v Doblo Palio,BBFI18B/050,Takao,40.65,84.06,produto,MATCH_PROVAVEL,sku_ausente_ml; palavras_extras_ml,SEM_MATCH_SECONDS
MLB4063268593,Kit 3 Aditivo 100 Ml Otimizador Combustivel Flex 4x1 Fq4,N/D,N/D,136.0,2,MLB5389715468,Filtro De Combustível Aditivo Gasolina Etanol Flex 1l Fq4,FQ4-FLEX-1L,FQ4,112.5,73.02,produto,MATCH_DUVIDOSO,sku_ausente_ml; palavras_extras_ml,SEM_MATCH_SECONDS
MLB6264289808,Valvula Admissão 206 1.4 8v 2004 2005 2006 2007 2008 2009,N/D,N/D,133.98,1,MLB5441214568,Pastilha Freio Dianteira 320i 2005 2006 2007 2008 2009,OCDA0401,OriginALLparts,136.65,93.1,produto,MATCH_AUTOMATICO,sku_ausente_ml; palavras_extras_ml,SEM_MATCH_SECONDS
MLB3871350297,Junta Cobeçote Aço Inox 0.25mm Hb20 Picanto 1.0 12v 11/22,N/D,N/D,129.78,1,MLB5298252496,Jogo Aneis Motor Std Hb20 Picanto 1.0 12v 10/24,ASK10A/STD,Takao,114.06,82.35,produto,MATCH_PROVAVEL,sku_ausente_ml; palavras_extras_ml,SEM_MATCH_SECONDS
MLB6239553452,Filtro Oleo K&n Kn-145 Yamaha Xt660 E Xt660r Mt-03 Tdm Todas,N/D,N/D,119.99,1,MLB6239993110,Filtro Oleo K&n - Yamaha Xtz250 Xtz 250 Lander / 2023 2024,KN-140,K&N,52.59,69.39,produto,MATCH_DUVIDOSO,sku_ausente_ml; palavras_extras_ml,SEM_MATCH_SECONDS
MLB4461826977,Junta Cabeçote Chery Qq 1.0 12v 14/19,N/D,N/D,116.46,1,MLB6224267560,Junta Cabeçote Onix 1.0 12v L3,1215173PK,Bastos,57.25,81.82,produto,MATCH_PROVAVEL,sku_ausente_ml; palavras_extras_ml,SEM_MATCH_SECONDS
MLB6239266218,Filtro Oleo K&n Kn-112 Kawasaki D-tracker 250x,N/D,N/D,115.98,1,MLB6239364206,Filtro De Óleo K&n Kn-401 Compatível Com Ninja 250 | Zx11,KN-401,K&N,55.75,69.23,produto,MATCH_DUVIDOSO,sku_ausente_ml; palavras_extras_ml,SEM_MATCH_SECONDS
MLB6223134758,Kit Junta Da Tampa Valvula Pajero L200 H100 2.3 2.4 2.5,N/D,N/D,115.26,3,MLB6223276496,Kit Junta Tampa Valvula Pajero L200 H100 2.3 2.4 2.5,1517115SL,Bastos Juntas,26.63,100.0,produto,MATCH_AUTOMATICO,sku_ausente_ml; nomenclatura_invertida,SEM_MATCH_SECONDS
MLB6224202646,Junta Carter Alma Aço Borracha Gol Saveiro 1.6 1.8 2.0 8v,N/D,N/D,113.52,2,MLB5322376938,Junta Carter Borracha Corcel Escort Gol 1.0 1.6 8v 79/96,1319021BN,Bastos Juntas,3.48,76.71,produto,MATCH_PROVAVEL,sku_ausente_ml; palavras_extras_ml,SEM_MATCH_SECONDS
MLB3985663683,Jogo Bronz Biela Std 147 Uno Fiorino Palio 1.0 1.3 1.5 84/00,N/D,N/D,113.18,2,MLB3985701549,"Jogo Bron Biela 0,25 147 Uno Fiorino Palio 1.0 1.3 1.5 84/00",BBFI10/025,Takao,25.25,95.0,produto,MATCH_AUTOMATICO,sku_ausente_ml,SEM_MATCH_SECONDS
MLB4347505697,Jogo Bronzina De Biela Fiat Fiorino 1.0 1.3 1.5 8v Fiasa,N/D,N/D,112.58,2,MLB6011028682,Jogo Bronzina De Biela Fiat Fiorino 1.0 1.3 1.5 8v Fiasa,BBFI10/100,Takao,25.25,100.0,produto,MATCH_AUTOMATICO,sku_ausente_ml; nomenclatura_invertida,SEM_MATCH_SECONDS
MLB5389649444,"Kit C/6 Aditivo Otimizad Combustivel Moto 40ml Fq4, Economia",N/D,N/D,110.33,1,MLB6138124014,Aditivo Fq4 Filtro Químico De Combustível + Economia Moto,FQ4MOTO40ML,FQ4,8.75,84.09,produto,MATCH_PROVAVEL,sku_ausente_ml,SEM_MATCH_SECONDS
MLB6224411968,Junta Cabeçote Ecosport Ka Ka+ Dragon 1.5 12v 17/21,N/D,N/D,108.65,1,MLB6224267560,Junta Cabeçote Onix 1.0 12v L3,1215173PK,Bastos,57.25,81.82,produto,MATCH_PROVAVEL,sku_ausente_ml; palavras_extras_ml,SEM_MATCH_SECONDS
MLB4460589481,Junta Tampa Válvulas Pajero Triton L200 3.2 16v Completa,N/D,N/D,101.05,1,MLB4460757757,Kit Junta Silicone Tampa Valvula Pajero L200 3.2 16v,15171962SL,Bastos Juntas,67.78,89.66,produto,MATCH_PROVAVEL,sku_ausente_ml,SEM_MATCH_SECONDS
MLB4460721129,Kit Junta Da Tampa De Valvula Borr Pregio K2500 Bongo Mtr,N/D,N/D,100.55,1,MLB4460486513,Jg Junta Tampa Valvula Hr 13 Bongo 13,151756052BN,Bastos Juntas,60.42,89.29,produto,MATCH_PROVAVEL,sku_ausente_ml; palavras_extras_ml,SEM_MATCH_SECONDS
MLB5298150206,"Jogo Bronzina Biela 0,75 206 Twingo Clio 1.0 8v 16v 99/18",N/D,N/D,98.09,1,MLB5298355500,Jogo Bronzina Biela Std 206 Twingo Clio 1.0 8v 16v 99/18,BBRE11/STD,Takao,43.82,100.0,produto,MATCH_AUTOMATICO,sku_ausente_ml,SEM_MATCH_SECONDS
MLB5457247288,Jogo De Pastilhas De Freio Diant Hb20 Hb20s 1.6 Desde 2012,N/D,N/D,97.82,1,MLB4104165671,Jogo Pastilhas Freio Dianteiras Com Abs Sonic 2012 A 2014,ECO1516,Ecopads,38.91,69.44,produto,MATCH_DUVIDOSO,sku_ausente_ml; palavras_extras_ml,SEM_MATCH_SECONDS
MLB6143534294,Junta Cabeçote Ecosport Focus Ranger Mondeo 2.0 Duratec 16v,N/D,N/D,97.39,1,MLB4502504953,Jg Junta Sup Motor C/ret   Cabecote Ranger Fusion 2.5 16v,131282MLR,Bastos Juntas,253.1,76.92,produto,MATCH_PROVAVEL,sku_ausente_ml; palavras_extras_ml,SEM_MATCH_SECONDS
MLB5298149580,Jogo(4un) Valvula Adm Palio Punto Doblo Siena 1.4 8v 04/20,N/D,N/D,97.17,1,MLB5298238436,Jg(4un) Valvula Esc Palio Mobi Punto Siena 1.0 1.4 8v 04/20,VESFI10D,Takao,71.36,89.41,produto,MATCH_PROVAVEL,sku_ausente_ml,SEM_MATCH_SECONDS
MLB4461674023,Junta Tampa Val Aluminio 500 Uno Palio Siena 1.0 1.4 09/24,N/D,N/D,96.01,4,MLB5456857930,Pastilha Freio Dianteira Palio Siena Fire 1.0 1.4 96 A 09,ECO1063,Ecopads,22.32,77.78,produto,MATCH_PROVAVEL,sku_ausente_ml; palavras_extras_ml,SEM_MATCH_SECONDS
MLB6143847964,Junta Carter Borracha Sandero Clio Logan Megane 1.6 8v,N/D,N/D,91.82,1,MLB2862046211,Pastilha De Freio Dianteira  Clio 1.0/1.6  Megane 1.6/2.0,S1343,SYL,33.12,100.0,produto,MATCH_AUTOMATICO,sku_ausente_ml; palavras_extras_ml,SEM_MATCH_SECONDS
MLB6222989084,Junta Tampa Valvula Palio Siena Brava 1.6 16v 95/00,N/D,N/D,91.42,2,MLB6223235290,Kit Junta Tampa Valvula Palio Fire 1.0 1.3 16v,1417532PK,Bastos Juntas,22.0,92.06,produto,MATCH_AUTOMATICO,sku_ausente_ml; palavras_extras_ml,SEM_MATCH_SECONDS
MLB5298265164,Jogo Bronzina Biela Std Mobi Siena Palio Uno 1.0 8v 01/24,N/D,N/D,82.99,1,MLB3985686829,"Jogo Bronzina Biela 0,50 Palio Uno Mobi 1.0 8v 16v 01/24",BBFI10A/050,Takao,36.38,92.68,produto,MATCH_AUTOMATICO,sku_ausente_ml,SEM_MATCH_SECONDS
MLB4460682387,Junta Silicone Tampa Válvula Bongo K2500 2.5 8v Turbo,N/D,N/D,79.23,1,MLB4460486513,Jg Junta Tampa Valvula Hr 13 Bongo 13,151756052BN,Bastos Juntas,60.42,89.29,produto,MATCH_PROVAVEL,sku_ausente_ml; palavras_extras_ml,SEM_MATCH_SECONDS
MLB5298380592,"Jogo Bronzina Biela 0,25 Uno Tipo Siena 1.5 1.6 1.9 85/11",N/D,N/D,63.66,1,MLB5298187752,Jogo Bronzina Biela Std Uno Tipo Siena 1.5 1.6 1.9 85/11,BBFI16/STD,Takao,30.62,100.0,produto,MATCH_AUTOMATICO,sku_ausente_ml,SEM_MATCH_SECONDS
MLB6143549148,Junta Cabeçote Vw Virtus Polo Nivos Up Tsi 1.0 12v Fibra,N/D,N/D,62.66,1,MLB6224267560,Junta Cabeçote Onix 1.0 12v L3,1215173PK,Bastos,57.25,81.82,produto,MATCH_PROVAVEL,sku_ausente_ml; palavras_extras_ml,SEM_MATCH_SECONDS
MLB3871425593,Junta Cabeçote Aço Inox 0.75mm C3 Argo 208 1.0 6v 16/24,N/D,N/D,50.96,1,MLB4461749557,Junta Cabeçote Aço Inox 0.75mm C3 208 1.2 12v 16/21,15159605ML,Bastos Juntas,64.91,91.57,produto,MATCH_AUTOMATICO,sku_ausente_ml; palavras_extras_ml,SEM_MATCH_SECONDS
MLB4104239645,Pastilha De Freio Dianteira - Fiesta Ka 2009 2010 2011 2012,N/D,N/D,45.58,1,MLB4084564081,Par Discos Freio Dianteiro Fiesta Rocam 2010 2011 2012 2013,D41B,MDS,121.63,84.0,produto,MATCH_PROVAVEL,sku_ausente_ml; palavras_extras_seconds,SEM_MATCH_SECONDS
MLB6222513854,Junta Da Tampa De Valvula Vw Fusca 1300 1500 1600 Todos,N/D,N/D,41.1,1,MLB4460822885,Junta Da Tampa Valvulas Fiat Ducato 2.8 Aspirado,151742BN,Bastos Juntas,13.79,80.0,produto,MATCH_PROVAVEL,sku_ausente_ml; palavras_extras_ml,SEM_MATCH_SECONDS
MLB6223070680,Junta Tampa Válvulas Toyota Corolla 1.8 16v 2003 /...,N/D,N/D,38.93,1,MLB4612700151,Kit Junta Tampa Válvulas Toyota Corolla 1.8 2.0 16v,15171542BN,Bastos Juntas,44.72,100.0,produto,MATCH_AUTOMATICO,sku_ausente_ml,SEM_MATCH_SECONDS
MLB4241321741,Arruela De Encosto Std Clio Logan Sandero Duster 1.6 8 16v,N/D,N/D,38.05,1,MLB2858868464,Pastilha De Freio Dianteira Novo Logan Sandero Stepway,S2343,SYL,59.58,80.95,produto,MATCH_PROVAVEL,sku_ausente_ml; palavras_extras_ml,SEM_MATCH_SECONDS
MLB2865953274,Pastilha De Freio Dianteira  Vw Fusca Brasilia - Syl 1401,SYL,S1401,30.04,1,MLB4159473521,Terminal Direção Direito Vw Brasilia 73/80 Fusca 70/96,TDI1026,Perfect,25.61,79.07,produto,MATCH_PROVAVEL,sku_divergente; palavras_extras_seconds,SEM_MATCH_SECONDS
MLB6231129168,Junta Coletor Escapamento Corsa Celta Prisma Montana Meriva,N/D,N/D,25.73,1,MLB4155095583,Kit Junta Hom Celta 1.0 / 1.4 00/...2013 Prisma Montana 1.4,KJH9700,Perfect,55.02,81.25,produto,MATCH_PROVAVEL,sku_ausente_ml; palavras_extras_ml,SEM_MATCH_SECONDS
MLB6152762610,Kit 6 Engates Rápidos Para Mangueiras 1/2 - Tramontina Cinza,N/D,N/D,20.33,1,MLB6153058754,Engate Rápido P/ Mangueira 1/2 Tramontina 78506000 Cor Laranja,78506000-1,Tramontina,2.24,89.74,produto,MATCH_PROVAVEL,sku_ausente_ml; palavras_extras_ml,SEM_MATCH_SECONDS
